Level,Subject_Code,Hrs_Cours,Hrs_TD,Hrs_TP,Hrs_Practice,Required_Room_Type
1AM,ARABIC,5,1,0,0,classroom
1AM,ISLAMIC,1,0,0,0,classroom
1AM,MATH,4,1,0,0,classroom
1AM,FRENCH,3,1,0,0,classroom
1AM,ENGLISH,3,1,0,0,classroom
1AM,PHYS,1,0,2,0,lab
1AM,SCIENCE,1,0,2,0,lab
1AM,HISTGEO,3,0,0,0,classroom
1AM,INFO,0,0,2,0,computer_lab
1AM,MUSIC,1,0,0,0,classroom
1AM,SPORT,0,0,0,2,gym
2AM,ARABIC,5,1,0,0,classroom
2AM,ISLAMIC,1,0,0,0,classroom
2AM,MATH,4,1,0,0,classroom
2AM,FRENCH,3,1,0,0,classroom
2AM,ENGLISH,3,1,0,0,classroom
2AM,PHYS,1,0,2,0,lab
2AM,SCIENCE,1,0,2,0,lab
2AM,HISTGEO,3,0,0,0,classroom
2AM,INFO,0,0,2,0,computer_lab
2AM,SPORT,0,0,0,2,gym
3AM,ARABIC,4,1,0,0,classroom
3AM,ISLAMIC,1,0,0,0,classroom
3AM,MATH,4,1,0,0,classroom
3AM,FRENCH,4,1,0,0,classroom
3AM,ENGLISH,3,1,0,0,classroom
3AM,PHYS,1,0,2,0,lab
3AM,SCIENCE,1,0,2,0,lab
3AM,HISTGEO,3,0,0,0,classroom
3AM,MUSIC,1,0,0,0,classroom
3AM,SPORT,0,0,0,2,gym
4AM,ARABIC,4,2,0,0,classroom
4AM,ISLAMIC,1,0,0,0,classroom
4AM,MATH,4,2,0,0,classroom
4AM,FRENCH,4,1,0,0,classroom
4AM,ENGLISH,3,1,0,0,classroom
4AM,PHYS,1,0,2,0,lab
4AM,SCIENCE,1,0,2,0,lab
4AM,HISTGEO,3,0,0,0,classroom
4AM,MUSIC,1,0,0,0,classroom
4AM,SPORT,0,0,0,2,gym
