الحجم الساعي,,684,19,13,17,18,18,18,19,15,5,19,18,16,16,21,21,16,15,16,15,17,17,20,20,20,20,18,21,21,18,21,21,18,21,21,20,15,20,20
المناصب,,,عربية1,عربية2,عربية3,عربية4,عربية5,عربية6,عربية7,اسلامية1,اسلامية2,رياضيات1,رياضيات2,رياضيات3,رياضيات4,رياضيات5,رياضيات6,فرنسية1,فرنسية2,فرنسية3,فرنسية4,فرنسية5,فرنسية6,انجليزية1,انجليزية2,انجليزية3,انجليزية4,فيزياء1,فيزياء2,فيزياء3,علوم1,علوم2,علوم3,اجتماعيات1,اجتماعيات2,اجتماعيات3,اعلام الي,موسيقى,رياضة 1,رياضة 2
اللقب و الاسم,,,,,,,,,,,,,,,,,,,,,,,,,,,,,,,,,,,,,,,,
رقم,الافواج,حجم ساعي,,,,,,,,,,,,,,,,,,,,,,,,,,,,,,,,,,,,,,
1,4م1,30,6,,,,,,,1,,6,,,,,,5,,,,,,4,,,,3,,,3,,,3,,,,1,2,
2,4م2,30,6,,,,,,,1,,6,,,,,,5,,,,,,4,,,,3,,,3,,,3,,,,1,2,
3,4م3,30,6,,,,,,,1,,6,,,,,,5,,,,,,4,,,,3,,,3,,,3,,,,1,2,
4,4م4,30,,6,,,,,,1,,,6,,,,,,5,,,,,,4,,,,3,,,3,,,3,,,1,2,
5,4م5,30,,6,,,,,,1,,,6,,,,,,5,,,,,,4,,,,3,,,3,,,3,,,1,2,
6,3م1,28,,,5,,,,,1,,,,5,,,,,,5,,,,,,4,,,3,,,3,,3,,,,1,,2
7,3م2,28,,,5,,,,,1,,,,5,,,,,,5,,,,,,4,,,3,,,3,,3,,,,1,,2
8,3م3,28,,,,5,,,,1,,,,5,,,,,,5,,,,,,4,,,3,,,3,,3,,,,1,,2
9,3م4,28,,,,,5,,,1,,,,,5,,,,,,5,,,,,,4,,3,,,3,,,,3,,1,,2
10,3م5,28,,,,,,5,,1,,,,,5,,,,,,5,,,,,,4,,3,,,3,,,,3,,1,,2
11,2م1,29,,,,,6,,,,1,,,,,5,,,,,,4,,4,,,,,,3,,,3,,3,,2,,2,
12,2م2,29,,,,,6,,,,1,,,,,5,,,,,,4,,4,,,,,,3,,,3,,3,,2,,2,
13,2م3,29,,,,,,6,,,1,,,,,5,,,,,,4,,,4,,,3,,,3,,,,3,,2,,2,
14,2م4,29,,,,,,6,,,1,,,,,5,,,,,,4,,,4,,,3,,,3,,,,3,,2,,2,
15,2م5,29,,,6,,,,,,1,,5,,,,,,4,,,,,,4,,,3,,,3,,,,3,,2,,2,
16,1م1,30,,,,,,,6,1,,,,,,,5,,,,,,4,,,4,,,,3,,,3,,,3,2,1,,2
17,1م2,30,,,,,,,6,1,,,,,,,5,,,,,,4,,,4,,,,3,,,3,,,3,2,1,,2
18,1م3,30,,,,,,,6,1,,,,,,,5,,,,,,4,,,,4,,,3,,,3,,,3,2,1,,2
19,1م4,30,,,,6,,,,1,,,,,,,5,,,,,,4,,,,4,,,3,,,3,,,3,2,1,,2
20,1م5,30,,,,6,,,,1,,,,,5,,,,,,4,,,,,,4,,,3,,,3,,,3,2,1,,2
الاستدراك,,,1,1,1,1,1,1,1,,,1,1,1,1,1,1,1,1,1,1,1,1,,,,,,,,,,,,,,,,,
المجموع,,,19,13,17,18,18,18,19,15,5,19,18,16,16,21,21,16,15,16,15,17,17,20,20,20,20,18,21,21,18,21,21,18,21,21,20,15,20,20
